x,sin(x),predicted
4.97023,-0.966944,-0.956868
1.11035,0.895853,0.889114
6.14138,-0.141333,-0.188659
4.30688,-0.918901,-0.908613
3.46059,-0.313613,-0.292644
0.393901,0.383794,0.383809
0.151286,0.15071,0.147233
2.14969,0.837068,0.842984
3.27622,-0.134226,-0.119463
4.30572,-0.918444,-0.908167
